<?xml version="1.0" encoding="UTF-8"?>
<AutoResponseRules xmlns="http://soap.sforce.com/2006/04/metadata">
    <autoResponseRule>
        <fullName>Thank You Email</fullName>
        <active>true</active>
        <ruleEntry>
            <criteriaItems>
                <field>Case.RecordTypeId</field>
                <operation>equals</operation>
                <value>Cancellations</value>
            </criteriaItems>
            <criteriaItems>
                <field>Case.Status</field>
                <operation>equals</operation>
                <value>New</value>
            </criteriaItems>
            <notifyCcRecipients>false</notifyCcRecipients>
            <replyToEmail>noreply@cargurus.com</replyToEmail>
            <senderEmail>noreply@cargurus.com</senderEmail>
            <senderName>CarGurus-noreply</senderName>
            <template>unfiled$public/Cancellations</template>
        </ruleEntry>
        <ruleEntry>
            <criteriaItems>
                <field>Case.IsCreatedDuringBusinessHours__c</field>
                <operation>equals</operation>
                <value>True</value>
            </criteriaItems>
            <criteriaItems>
                <field>Case.Status</field>
                <operation>equals</operation>
                <value>New</value>
            </criteriaItems>
            <criteriaItems>
                <field>Case.RecordTypeId</field>
                <operation>notEqual</operation>
                <value>Consumer Support</value>
            </criteriaItems>
            <notifyCcRecipients>false</notifyCcRecipients>
            <replyToEmail>noreply@cargurus.com</replyToEmail>
            <senderEmail>noreply@cargurus.com</senderEmail>
            <senderName>CarGurus-noreply</senderName>
            <template>Case_Workflow/Case_Auto_Response_During_Business_Hours</template>
        </ruleEntry>
        <ruleEntry>
            <criteriaItems>
                <field>Case.IsCreatedDuringBusinessHours__c</field>
                <operation>equals</operation>
                <value>False</value>
            </criteriaItems>
            <criteriaItems>
                <field>Case.Status</field>
                <operation>equals</operation>
                <value>New</value>
            </criteriaItems>
            <criteriaItems>
                <field>Case.RecordTypeId</field>
                <operation>notEqual</operation>
                <value>Consumer Support</value>
            </criteriaItems>
            <notifyCcRecipients>false</notifyCcRecipients>
            <replyToEmail>noreply@cargurus.com</replyToEmail>
            <senderEmail>noreply@cargurus.com</senderEmail>
            <senderName>CarGurus-noreply</senderName>
            <template>Case_Workflow/Case_Auto_Response_Off_Hours</template>
        </ruleEntry>
        <ruleEntry>
            <criteriaItems>
                <field>Case.RecordTypeId</field>
                <operation>equals</operation>
                <value>Consumer Support</value>
            </criteriaItems>
            <criteriaItems>
                <field>Case.Status</field>
                <operation>equals</operation>
                <value>New</value>
            </criteriaItems>
            <notifyCcRecipients>false</notifyCcRecipients>
            <replyToEmail>noreply@cargurus.com</replyToEmail>
            <senderEmail>noreply@cargurus.com</senderEmail>
            <senderName>CarGurus-noreply</senderName>
            <template>Case_Workflow/Auto_Response_Consumer_Support_Case</template>
        </ruleEntry>
    </autoResponseRule>
</AutoResponseRules>
