<?xml version="1.0" encoding="UTF-8"?>
<CustomMetadata xmlns="http://soap.sforce.com/2006/04/metadata" xmlns:xsi="http://www.w3.org/2001/XMLSchema-instance" xmlns:xsd="http://www.w3.org/2001/XMLSchema">
    <label>Independent - Medium</label>
    <protected>false</protected>
    <values>
        <field>Category__c</field>
        <value xsi:type="xsd:string">Independent - Medium</value>
    </values>
    <values>
        <field>Country_Code__c</field>
        <value xsi:type="xsd:string">DEFAULT</value>
    </values>
    <values>
        <field>Majority_Dealer_Type__c</field>
        <value xsi:type="xsd:string">Used</value>
    </values>
    <values>
        <field>Max_Inventory__c</field>
        <value xsi:type="xsd:double">60.0</value>
    </values>
</CustomMetadata>
