<?xml version="1.0" encoding="UTF-8"?>
<CustomMetadata xmlns="http://soap.sforce.com/2006/04/metadata" xmlns:xsi="http://www.w3.org/2001/XMLSchema-instance" xmlns:xsd="http://www.w3.org/2001/XMLSchema">
    <label>Consumer Support CSAT</label>
    <protected>false</protected>
    <values>
        <field>Production_URL__c</field>
        <value xsi:type="xsd:string">https://survey.alchemer.com/s3/7098508/Consumer-CSAT</value>
    </values>
    <values>
        <field>Sandbox_URL__c</field>
        <value xsi:type="xsd:string">https://survey.alchemer.com/s3/7099971/Consumer-CSAT</value>
    </values>
</CustomMetadata>
