<?xml version="1.0" encoding="UTF-8"?>
<CustomMetadata xmlns="http://soap.sforce.com/2006/04/metadata" xmlns:xsi="http://www.w3.org/2001/XMLSchema-instance" xmlns:xsd="http://www.w3.org/2001/XMLSchema">
    <label>Billing: Write Off</label>
    <protected>false</protected>
    <values>
        <field>Priority__c</field>
        <value xsi:type="xsd:string">High</value>
    </values>
    <values>
        <field>Reason__c</field>
        <value xsi:type="xsd:string">Billing: Write Off</value>
    </values>
</CustomMetadata>
