<?xml version="1.0" encoding="UTF-8"?>
<CustomMetadata xmlns="http://soap.sforce.com/2006/04/metadata" xmlns:xsi="http://www.w3.org/2001/XMLSchema-instance" xmlns:xsd="http://www.w3.org/2001/XMLSchema">
    <label>Case Queue Config 6</label>
    <protected>false</protected>
    <values>
        <field>Active__c</field>
        <value xsi:type="xsd:boolean">true</value>
    </values>
    <values>
        <field>Mapped_RecordType__c</field>
        <value xsi:type="xsd:string">Cancellations</value>
    </values>
    <values>
        <field>Order__c</field>
        <value xsi:type="xsd:double">6.0</value>
    </values>
    <values>
        <field>Queue_Label__c</field>
        <value xsi:type="xsd:string">Cancellations Queue</value>
    </values>
    <values>
        <field>Run_with_Assignment_Rules__c</field>
        <value xsi:type="xsd:boolean">true</value>
    </values>
</CustomMetadata>
