<?xml version="1.0" encoding="UTF-8"?>
<CustomMetadata xmlns="http://soap.sforce.com/2006/04/metadata" xmlns:xsi="http://www.w3.org/2001/XMLSchema-instance" xmlns:xsd="http://www.w3.org/2001/XMLSchema">
    <label>CA</label>
    <protected>false</protected>
    <values>
        <field>High_Cap_Qty__c</field>
        <value xsi:type="xsd:double">10000.0</value>
    </values>
    <values>
        <field>High_Cap__c</field>
        <value xsi:type="xsd:double">80.0</value>
    </values>
    <values>
        <field>Low_Cap_Qty__c</field>
        <value xsi:type="xsd:double">10000.0</value>
    </values>
    <values>
        <field>Low_Cap__c</field>
        <value xsi:type="xsd:double">40.0</value>
    </values>
    <values>
        <field>Mid_Cap_Qty__c</field>
        <value xsi:type="xsd:double">10000.0</value>
    </values>
</CustomMetadata>
