<?xml version="1.0" encoding="UTF-8"?>
<CustomMetadata xmlns="http://soap.sforce.com/2006/04/metadata" xmlns:xsi="http://www.w3.org/2001/XMLSchema-instance" xmlns:xsd="http://www.w3.org/2001/XMLSchema">
    <label>Account Manager</label>
    <protected>false</protected>
    <values>
        <field>CGR_Eligible_Data__c</field>
        <value xsi:type="xsd:boolean">true</value>
    </values>
    <values>
        <field>CGR_Eligible_Digital_Retail__c</field>
        <value xsi:type="xsd:boolean">true</value>
    </values>
    <values>
        <field>CGR_Eligible_Display__c</field>
        <value xsi:type="xsd:boolean">true</value>
    </values>
    <values>
        <field>CGR_Eligible_Listings__c</field>
        <value xsi:type="xsd:boolean">true</value>
    </values>
    <values>
        <field>CGR_Eligible_Pistonheads__c</field>
        <value xsi:type="xsd:boolean">false</value>
    </values>
    <values>
        <field>CGR_Eligible_Website_Inventory__c</field>
        <value xsi:type="xsd:boolean">false</value>
    </values>
    <values>
        <field>CGR_Rep_Role__c</field>
        <value xsi:type="xsd:string">Account Manager</value>
    </values>
</CustomMetadata>
