<?xml version="1.0" encoding="UTF-8"?>
<AssignmentRules xmlns="http://soap.sforce.com/2006/04/metadata">
    <assignmentRule>
        <fullName>CSR</fullName>
        <active>true</active>
        <ruleEntry>
            <criteriaItems>
                <field>Case.CreatedById</field>
                <operation>equals</operation>
                <value>Dialpad API Site Guest User,CarGurus API,CarGurus Admin</value>
            </criteriaItems>
            <criteriaItems>
                <field>Case.Force_Run_Assignment_Rules__c</field>
                <operation>equals</operation>
                <value>False</value>
            </criteriaItems>
        </ruleEntry>
        <ruleEntry>
            <criteriaItems>
                <field>Case.RecordTypeId</field>
                <operation>equals</operation>
                <value>Consult</value>
            </criteriaItems>
        </ruleEntry>
        <ruleEntry>
            <assignedTo>SO_Queue_UK</assignedTo>
            <assignedToType>Queue</assignedToType>
            <booleanFilter>1 AND 2</booleanFilter>
            <criteriaItems>
                <field>Case.RecordTypeId</field>
                <operation>equals</operation>
                <value>Sales Support Desk,Planning and Commissions,Data Correction,Renewals,CGR</value>
            </criteriaItems>
            <criteriaItems>
                <field>Case.CountryCode__c</field>
                <operation>equals</operation>
                <value>GB</value>
            </criteriaItems>
        </ruleEntry>
        <ruleEntry>
            <assignedTo>Cancellation_Case_Queue</assignedTo>
            <assignedToType>Queue</assignedToType>
            <booleanFilter>1 AND 2 AND 3</booleanFilter>
            <criteriaItems>
                <field>Case.Reason</field>
                <operation>equals</operation>
                <value>Cancellations,Billing: Cancellation,Billing: Cancellation - Dealer Relations</value>
            </criteriaItems>
            <criteriaItems>
                <field>Case.CountryCode__c</field>
                <operation>equals</operation>
                <value>CA,US,GB</value>
            </criteriaItems>
            <criteriaItems>
                <field>Case.RecordTypeId</field>
                <operation>equals</operation>
                <value>Cancellations</value>
            </criteriaItems>
        </ruleEntry>
        <ruleEntry>
            <assignedTo>Payment_Case_Queue</assignedTo>
            <assignedToType>Queue</assignedToType>
            <criteriaItems>
                <field>Case.Reason</field>
                <operation>equals</operation>
                <value>Billing: Backdated/ Early Cancellation,Billing: Buy/Sell,Billing: Customer wants to make a payment,Billing: Delinquency questions &amp; Grace date requests</value>
            </criteriaItems>
        </ruleEntry>
        <ruleEntry>
            <assignedTo>SO_Bugs_Queue</assignedTo>
            <assignedToType>Queue</assignedToType>
            <criteriaItems>
                <field>Case.Reason</field>
                <operation>equals</operation>
                <value>Bug</value>
            </criteriaItems>
            <criteriaItems>
                <field>Case.CountryCode__c</field>
                <operation>equals</operation>
                <value>CA,US</value>
            </criteriaItems>
        </ruleEntry>
        <ruleEntry>
            <assignedTo>SO_Data_Correction_Queue</assignedTo>
            <assignedToType>Queue</assignedToType>
            <criteriaItems>
                <field>Case.RecordTypeId</field>
                <operation>equals</operation>
                <value>Data correction</value>
            </criteriaItems>
            <criteriaItems>
                <field>Case.CountryCode__c</field>
                <operation>equals</operation>
                <value>CA,US</value>
            </criteriaItems>
        </ruleEntry>
        <ruleEntry>
            <assignedTo>SO_CGR_Queue</assignedTo>
            <assignedToType>Queue</assignedToType>
            <criteriaItems>
                <field>Case.RecordTypeId</field>
                <operation>equals</operation>
                <value>CGR</value>
            </criteriaItems>
            <criteriaItems>
                <field>Case.CountryCode__c</field>
                <operation>equals</operation>
                <value>CA,US</value>
            </criteriaItems>
        </ruleEntry>
        <ruleEntry>
            <assignedTo>SO_Renewals_Queue</assignedTo>
            <assignedToType>Queue</assignedToType>
            <criteriaItems>
                <field>Case.RecordTypeId</field>
                <operation>equals</operation>
                <value>Renewals</value>
            </criteriaItems>
            <criteriaItems>
                <field>Case.CountryCode__c</field>
                <operation>equals</operation>
                <value>CA,US</value>
            </criteriaItems>
        </ruleEntry>
        <ruleEntry>
            <assignedTo>SO_Sales_Support_Desk_Queue</assignedTo>
            <assignedToType>Queue</assignedToType>
            <booleanFilter>1 AND 2</booleanFilter>
            <criteriaItems>
                <field>Case.RecordTypeId</field>
                <operation>equals</operation>
                <value>Sales Support Desk</value>
            </criteriaItems>
            <criteriaItems>
                <field>Case.CountryCode__c</field>
                <operation>equals</operation>
                <value>CA,US</value>
            </criteriaItems>
        </ruleEntry>
        <ruleEntry>
            <assignedTo>SO_Commissions_Queue</assignedTo>
            <assignedToType>Queue</assignedToType>
            <booleanFilter>1 AND 2</booleanFilter>
            <criteriaItems>
                <field>Case.RecordTypeId</field>
                <operation>equals</operation>
                <value>Planning and Commissions</value>
            </criteriaItems>
            <criteriaItems>
                <field>Case.CountryCode__c</field>
                <operation>equals</operation>
                <value>CA,US</value>
            </criteriaItems>
        </ruleEntry>
        <ruleEntry>
            <assignedTo>Billing_Case_Queue</assignedTo>
            <assignedToType>Queue</assignedToType>
            <criteriaItems>
                <field>Case.RecordTypeId</field>
                <operation>equals</operation>
                <value>Billing</value>
            </criteriaItems>
        </ruleEntry>
        <ruleEntry>
            <assignedTo>Integrity_Case_Queue</assignedTo>
            <assignedToType>Queue</assignedToType>
            <criteriaItems>
                <field>Case.RecordTypeId</field>
                <operation>equals</operation>
                <value>Integrity</value>
            </criteriaItems>
        </ruleEntry>
        <ruleEntry>
            <assignedTo>Digital_Deal_Escalations</assignedTo>
            <assignedToType>Queue</assignedToType>
            <criteriaItems>
                <field>Case.Reason</field>
                <operation>equals</operation>
                <value>Digital Deal: Escalations</value>
            </criteriaItems>
        </ruleEntry>
        <ruleEntry>
            <assignedTo>Digital_Deal_Onboarding</assignedTo>
            <assignedToType>Queue</assignedToType>
            <criteriaItems>
                <field>Case.Reason</field>
                <operation>equals</operation>
                <value>Digital Deal: Onboarding</value>
            </criteriaItems>
        </ruleEntry>
        <ruleEntry>
            <assignedTo>Customer_Support_NA_Level_1</assignedTo>
            <assignedToType>Queue</assignedToType>
            <booleanFilter>1 AND 2 AND 3</booleanFilter>
            <criteriaItems>
                <field>Case.Subject</field>
                <operation>equals</operation>
                <value>Abnormal Inventory Count</value>
            </criteriaItems>
            <criteriaItems>
                <field>Case.CountryCode__c</field>
                <operation>equals</operation>
                <value>CA,US</value>
            </criteriaItems>
            <criteriaItems>
                <field>Case.RecordTypeId</field>
                <operation>notEqual</operation>
                <value>Consumer Support</value>
            </criteriaItems>
        </ruleEntry>
        <ruleEntry>
            <assignedTo>Issue_Processor_Queue</assignedTo>
            <assignedToType>Queue</assignedToType>
            <criteriaItems>
                <field>Case.Origin</field>
                <operation>startsWith</operation>
                <value>Issue Processor</value>
            </criteriaItems>
            <criteriaItems>
                <field>Case.CountryCode__c</field>
                <operation>equals</operation>
                <value>CA,US</value>
            </criteriaItems>
            <criteriaItems>
                <field>Case.RecordTypeId</field>
                <operation>notEqual</operation>
                <value>Consumer Support</value>
            </criteriaItems>
        </ruleEntry>
        <ruleEntry>
            <assignedTo>Customer_Support_NA_Level_1</assignedTo>
            <assignedToType>Queue</assignedToType>
            <booleanFilter>1 AND 2 AND 3</booleanFilter>
            <criteriaItems>
                <field>Case.Origin</field>
                <operation>equals</operation>
                <value>Sales Rep,Support Email</value>
            </criteriaItems>
            <criteriaItems>
                <field>Case.CountryCode__c</field>
                <operation>equals</operation>
                <value>CA,US</value>
            </criteriaItems>
            <criteriaItems>
                <field>Case.RecordTypeId</field>
                <operation>notEqual</operation>
                <value>Consumer Support</value>
            </criteriaItems>
        </ruleEntry>
        <ruleEntry>
            <assignedTo>Customer_Support_NA_Level_1</assignedTo>
            <assignedToType>Queue</assignedToType>
            <criteriaItems>
                <field>Case.Origin</field>
                <operation>startsWith</operation>
                <value>Internal Support Email</value>
            </criteriaItems>
            <criteriaItems>
                <field>Case.RecordTypeId</field>
                <operation>notEqual</operation>
                <value>Consumer Support</value>
            </criteriaItems>
        </ruleEntry>
        <ruleEntry>
            <assignedTo>Customer_Support_NA_Level_1</assignedTo>
            <assignedToType>Queue</assignedToType>
            <criteriaItems>
                <field>Case.Origin</field>
                <operation>startsWith</operation>
                <value>Feed Loader</value>
            </criteriaItems>
            <criteriaItems>
                <field>Case.CountryCode__c</field>
                <operation>equals</operation>
                <value>US</value>
            </criteriaItems>
            <criteriaItems>
                <field>Case.RecordTypeId</field>
                <operation>notEqual</operation>
                <value>Consumer Support</value>
            </criteriaItems>
        </ruleEntry>
        <ruleEntry>
            <assignedTo>CarGurus_Admin</assignedTo>
            <assignedToType>Queue</assignedToType>
            <criteriaItems>
                <field>Case.RecordTypeId</field>
                <operation>equals</operation>
                <value>Data Correction</value>
            </criteriaItems>
        </ruleEntry>
        <ruleEntry>
            <assignedTo>Customer_Support_NA_Level_1</assignedTo>
            <assignedToType>Queue</assignedToType>
            <criteriaItems>
                <field>Case.CountryCode__c</field>
                <operation>equals</operation>
                <value>CA,US</value>
            </criteriaItems>
            <criteriaItems>
                <field>Case.RecordTypeId</field>
                <operation>notEqual</operation>
                <value>Consumer Support</value>
            </criteriaItems>
        </ruleEntry>
        <ruleEntry>
            <assignedTo>Customer_Support_GB</assignedTo>
            <assignedToType>Queue</assignedToType>
            <criteriaItems>
                <field>Case.RecordTypeId</field>
                <operation>equals</operation>
                <value>Support</value>
            </criteriaItems>
            <criteriaItems>
                <field>Case.CountryCode__c</field>
                <operation>equals</operation>
                <value>GB</value>
            </criteriaItems>
            <criteriaItems>
                <field>Case.CreatedById</field>
                <operation>notEqual</operation>
                <value>0054S000000ncsWQAQ</value>
            </criteriaItems>
        </ruleEntry>
    </assignmentRule>
</AssignmentRules>
