<?xml version="1.0" encoding="UTF-8"?>
<AssignmentRules xmlns="http://soap.sforce.com/2006/04/metadata">
    <assignmentRule>
        <fullName>CarGurus Lead Assignment Rules</fullName>
        <active>true</active>
        <ruleEntry>
            <formula>NOT(ISNEW())</formula>
        </ruleEntry>
        <ruleEntry>
            <assignedTo>RR_SDR_CA</assignedTo>
            <assignedToType>Queue</assignedToType>
            <criteriaItems>
                <field>Lead.CountryCode</field>
                <operation>equals</operation>
                <value>CA</value>
            </criteriaItems>
        </ruleEntry>
        <ruleEntry>
            <criteriaItems>
                <field>Lead.CountryCode</field>
                <operation>equals</operation>
                <value>US</value>
            </criteriaItems>
        </ruleEntry>
        <ruleEntry>
            <criteriaItems>
                <field>Lead.CountryCode</field>
                <operation>equals</operation>
                <value>GB</value>
            </criteriaItems>
        </ruleEntry>
    </assignmentRule>
</AssignmentRules>
