<?xml version="1.0" encoding="UTF-8"?>
<ApprovalProcess xmlns="http://soap.sforce.com/2006/04/metadata">
    <active>true</active>
    <allowRecall>false</allowRecall>
    <allowedSubmitters>
        <type>owner</type>
    </allowedSubmitters>
    <allowedSubmitters>
        <submitter>Sales_Operations_Director</submitter>
        <type>roleSubordinates</type>
    </allowedSubmitters>
    <approvalPageFields>
        <field>Name</field>
        <field>Approval_Account_Name__c</field>
        <field>Owner</field>
        <field>Renewal_Eligible__c</field>
        <field>Renewal_Period__c</field>
    </approvalPageFields>
    <approvalStep>
        <allowDelegate>true</allowDelegate>
        <assignedApprover>
            <approver>
                <name>Owner</name>
                <type>relatedUserField</type>
            </approver>
            <whenMultipleApprovers>FirstResponse</whenMultipleApprovers>
        </assignedApprover>
        <label>Step 1</label>
        <name>Step_1</name>
    </approvalStep>
    <enableMobileDeviceAccess>false</enableMobileDeviceAccess>
    <entryCriteria>
        <criteriaItems>
            <field>Account.Renewal_Eligible__c</field>
            <operation>equals</operation>
            <value>True</value>
        </criteriaItems>
        <criteriaItems>
            <field>Account.Renewal_Period__c</field>
            <operation>notEqual</operation>
        </criteriaItems>
        <criteriaItems>
            <field>Account.Type</field>
            <operation>equals</operation>
            <value>Customer</value>
        </criteriaItems>
    </entryCriteria>
    <finalApprovalActions>
        <action>
            <name>Clear_Renewal_Period</name>
            <type>FieldUpdate</type>
        </action>
        <action>
            <name>Price_Change_Approved</name>
            <type>Alert</type>
        </action>
        <action>
            <name>Renewal_Status</name>
            <type>FieldUpdate</type>
        </action>
    </finalApprovalActions>
    <finalApprovalRecordLock>false</finalApprovalRecordLock>
    <finalRejectionActions>
        <action>
            <name>Clear_RenewalEligible</name>
            <type>FieldUpdate</type>
        </action>
        <action>
            <name>Clear_RenewalPeriod</name>
            <type>FieldUpdate</type>
        </action>
        <action>
            <name>Price_Change_Rejected</name>
            <type>Alert</type>
        </action>
        <action>
            <name>RenewalStatus</name>
            <type>FieldUpdate</type>
        </action>
    </finalRejectionActions>
    <finalRejectionRecordLock>false</finalRejectionRecordLock>
    <initialSubmissionActions>
        <action>
            <name>Price_Change_Requested</name>
            <type>Alert</type>
        </action>
    </initialSubmissionActions>
    <label>Renewal Approval Process</label>
    <nextAutomatedApprover>
        <useApproverFieldOfRecordOwner>false</useApproverFieldOfRecordOwner>
        <userHierarchyField>Manager</userHierarchyField>
    </nextAutomatedApprover>
    <processOrder>1</processOrder>
    <recordEditability>AdminOrCurrentApprover</recordEditability>
    <showApprovalHistory>true</showApprovalHistory>
</ApprovalProcess>
