<?xml version="1.0" encoding="UTF-8"?>
<ApprovalProcess xmlns="http://soap.sforce.com/2006/04/metadata">
    <active>true</active>
    <allowRecall>true</allowRecall>
    <allowedSubmitters>
        <type>owner</type>
    </allowedSubmitters>
    <approvalPageFields>
        <field>Name</field>
        <field>Approval_Account_Name__c</field>
        <field>Owner</field>
        <field>Account_Status_Reason__c</field>
    </approvalPageFields>
    <approvalStep>
        <allowDelegate>false</allowDelegate>
        <assignedApprover>
            <approver>
                <type>userHierarchyField</type>
            </approver>
        </assignedApprover>
        <entryCriteria>
            <criteriaItems>
                <field>Account.CurrencyIsoCode</field>
                <operation>equals</operation>
                <value>USD,CAD</value>
            </criteriaItems>
        </entryCriteria>
        <ifCriteriaNotMet>GotoNextStep</ifCriteriaNotMet>
        <label>Approval for US and CA</label>
        <name>Approval_for_US_and_CA</name>
    </approvalStep>
    <approvalStep>
        <allowDelegate>true</allowDelegate>
        <assignedApprover>
            <approver>
                <name>eoconnell@cargurus.com.br</name>
                <type>user</type>
            </approver>
            <whenMultipleApprovers>FirstResponse</whenMultipleApprovers>
        </assignedApprover>
        <entryCriteria>
            <criteriaItems>
                <field>Account.CurrencyIsoCode</field>
                <operation>equals</operation>
                <value>GBP</value>
            </criteriaItems>
        </entryCriteria>
        <label>Approval for UK</label>
        <name>Approval_for_UK</name>
        <rejectBehavior>
            <type>RejectRequest</type>
        </rejectBehavior>
    </approvalStep>
    <description>Approval process to set the Account Reason to Active Unsellable</description>
    <emailTemplate>unfiled$public/Unsellable_Account_Request_Needs_your_Approval_1664900759363</emailTemplate>
    <enableMobileDeviceAccess>false</enableMobileDeviceAccess>
    <entryCriteria>
        <criteriaItems>
            <field>Account.Account_Status_Reason__c</field>
            <operation>notEqual</operation>
            <value>Rejected</value>
        </criteriaItems>
        <criteriaItems>
            <field>Account.Product_Activation_Status__c</field>
            <operation>notEqual</operation>
            <value>Active,Canceling – 57 days</value>
        </criteriaItems>
        <criteriaItems>
            <field>Account.Account_Status_Reason__c</field>
            <operation>notEqual</operation>
        </criteriaItems>
    </entryCriteria>
    <finalApprovalActions>
        <action>
            <name>Account_Status_Update_Active_Unsellable</name>
            <type>FieldUpdate</type>
        </action>
        <action>
            <name>Email_Alert_Request_Approved</name>
            <type>Alert</type>
        </action>
    </finalApprovalActions>
    <finalApprovalRecordLock>false</finalApprovalRecordLock>
    <finalRejectionActions>
        <action>
            <name>Account_Status_Reason_Rejected</name>
            <type>FieldUpdate</type>
        </action>
        <action>
            <name>Email_Alert_Request_Rejected</name>
            <type>Alert</type>
        </action>
    </finalRejectionActions>
    <finalRejectionRecordLock>false</finalRejectionRecordLock>
    <label>Unsellable Account Approval Process</label>
    <nextAutomatedApprover>
        <useApproverFieldOfRecordOwner>true</useApproverFieldOfRecordOwner>
        <userHierarchyField>Manager</userHierarchyField>
    </nextAutomatedApprover>
    <processOrder>2</processOrder>
    <recordEditability>AdminOrCurrentApprover</recordEditability>
    <showApprovalHistory>false</showApprovalHistory>
</ApprovalProcess>
