<?xml version="1.0" encoding="UTF-8"?>
<ApprovalProcess xmlns="http://soap.sforce.com/2006/04/metadata">
    <active>true</active>
    <allowRecall>true</allowRecall>
    <allowedSubmitters>
        <type>owner</type>
    </allowedSubmitters>
    <approvalPageFields>
        <field>CaseNumber</field>
        <field>Owner</field>
        <field>CreatedDate</field>
        <field>Related_Dealer_Account__c</field>
    </approvalPageFields>
    <approvalStep>
        <allowDelegate>false</allowDelegate>
        <assignedApprover>
            <approver>
                <name>Payment_Team_National_Approvers</name>
                <type>queue</type>
            </approver>
            <whenMultipleApprovers>FirstResponse</whenMultipleApprovers>
        </assignedApprover>
        <label>Step 1</label>
        <name>Step_1</name>
    </approvalStep>
    <description>Approval process to get approval from the payment team on National Account requests</description>
    <emailTemplate>unfiled$public/National_Account_Approval</emailTemplate>
    <enableMobileDeviceAccess>false</enableMobileDeviceAccess>
    <entryCriteria>
        <criteriaItems>
            <field>Case.Reason</field>
            <operation>equals</operation>
            <value>Hierarchy Maintenance</value>
        </criteriaItems>
        <criteriaItems>
            <field>Case.IsClosed</field>
            <operation>equals</operation>
            <value>False</value>
        </criteriaItems>
        <criteriaItems>
            <field>Case.Category__c</field>
            <operation>equals</operation>
            <value>National Account - New Logo,National Account - Elevate Existing Account</value>
        </criteriaItems>
    </entryCriteria>
    <finalApprovalActions>
        <action>
            <name>Update_Owner_to_SSD</name>
            <type>FieldUpdate</type>
        </action>
        <action>
            <name>Update_Related_Account_to_National</name>
            <type>FieldUpdate</type>
        </action>
    </finalApprovalActions>
    <finalApprovalRecordLock>false</finalApprovalRecordLock>
    <finalRejectionRecordLock>false</finalRejectionRecordLock>
    <label>Payment Team - National Approval</label>
    <processOrder>2</processOrder>
    <recordEditability>AdminOnly</recordEditability>
    <showApprovalHistory>true</showApprovalHistory>
</ApprovalProcess>
