<?xml version="1.0" encoding="UTF-8"?>
<ApprovalProcess xmlns="http://soap.sforce.com/2006/04/metadata">
    <active>true</active>
    <allowRecall>false</allowRecall>
    <allowedSubmitters>
        <type>owner</type>
    </allowedSubmitters>
    <approvalPageFields>
        <field>Name</field>
        <field>Owner</field>
    </approvalPageFields>
    <approvalStep>
        <allowDelegate>true</allowDelegate>
        <assignedApprover>
            <approver>
                <type>userHierarchyField</type>
            </approver>
        </assignedApprover>
        <label>Step 1</label>
        <name>Step_1</name>
    </approvalStep>
    <emailTemplate>unfiled$public/Auto_Close_Template</emailTemplate>
    <enableMobileDeviceAccess>false</enableMobileDeviceAccess>
    <entryCriteria>
        <criteriaItems>
            <field>Opportunity.RecordType</field>
            <operation>equals</operation>
            <value>Standard Opportunity</value>
        </criteriaItems>
        <criteriaItems>
            <field>Opportunity.Auto_Close_Extension_Reason__c</field>
            <operation>notEqual</operation>
        </criteriaItems>
        <criteriaItems>
            <field>Opportunity.StageName</field>
            <operation>notEqual</operation>
            <value>Closed Won,Closed Lost</value>
        </criteriaItems>
        <criteriaItems>
            <field>Opportunity.Account_Country_Code__c</field>
            <operation>notEqual</operation>
            <value>US</value>
        </criteriaItems>
    </entryCriteria>
    <finalApprovalActions>
        <action>
            <name>Adjust_Auto_Close</name>
            <type>FieldUpdate</type>
        </action>
        <action>
            <name>Clear_Reason</name>
            <type>FieldUpdate</type>
        </action>
        <action>
            <name>Opp_Approved</name>
            <type>Alert</type>
        </action>
    </finalApprovalActions>
    <finalApprovalRecordLock>false</finalApprovalRecordLock>
    <finalRejectionActions>
        <action>
            <name>Clear_Extension_Reason</name>
            <type>FieldUpdate</type>
        </action>
        <action>
            <name>Opp_Approval_Rejected</name>
            <type>Alert</type>
        </action>
    </finalRejectionActions>
    <finalRejectionRecordLock>false</finalRejectionRecordLock>
    <initialSubmissionActions>
        <action>
            <name>Manager_Email</name>
            <type>FieldUpdate</type>
        </action>
    </initialSubmissionActions>
    <label>Auto Close Extension</label>
    <nextAutomatedApprover>
        <useApproverFieldOfRecordOwner>false</useApproverFieldOfRecordOwner>
        <userHierarchyField>Manager</userHierarchyField>
    </nextAutomatedApprover>
    <processOrder>1</processOrder>
    <recordEditability>AdminOnly</recordEditability>
    <showApprovalHistory>true</showApprovalHistory>
</ApprovalProcess>
