<?xml version="1.0" encoding="UTF-8"?>
<ApprovalProcess xmlns="http://soap.sforce.com/2006/04/metadata">
    <active>true</active>
    <allowRecall>true</allowRecall>
    <allowedSubmitters>
        <type>owner</type>
    </allowedSubmitters>
    <allowedSubmitters>
        <submitter>Account_Manager_Programmatic</submitter>
        <type>role</type>
    </allowedSubmitters>
    <allowedSubmitters>
        <submitter>Ad_Account_Manager</submitter>
        <type>role</type>
    </allowedSubmitters>
    <allowedSubmitters>
        <submitter>Ad_Account_Manager_Manager</submitter>
        <type>role</type>
    </allowedSubmitters>
    <allowedSubmitters>
        <submitter>Ad_Operations_Specialist</submitter>
        <type>role</type>
    </allowedSubmitters>
    <allowedSubmitters>
        <submitter>Client_Partner_Director</submitter>
        <type>role</type>
    </allowedSubmitters>
    <allowedSubmitters>
        <submitter>Client_Partner_Manager</submitter>
        <type>role</type>
    </allowedSubmitters>
    <approvalPageFields>
        <field>Name</field>
        <field>Owner</field>
        <field>Amount</field>
        <field>Account</field>
        <field>placementsio__Agency__c</field>
        <field>Contract</field>
        <field>Contract_URL__c</field>
        <field>placementsio__Placements_ID__c</field>
    </approvalPageFields>
    <approvalStep>
        <allowDelegate>false</allowDelegate>
        <assignedApprover>
            <approver>
                <name>klanza@cargurus.com.br</name>
                <type>user</type>
            </approver>
            <whenMultipleApprovers>FirstResponse</whenMultipleApprovers>
        </assignedApprover>
        <label>Ad Ops Approval</label>
        <name>Ad_Opps_Approval_LT_250k</name>
    </approvalStep>
    <description>Approval Process for Brand Direct Opportunities Less Than $250k</description>
    <emailTemplate>unfiled$public/Brand_Direct_Opportunity_Approval_Requested_1637084129526</emailTemplate>
    <enableMobileDeviceAccess>false</enableMobileDeviceAccess>
    <entryCriteria>
        <booleanFilter>1 AND (2 OR 3) AND 4</booleanFilter>
        <criteriaItems>
            <field>Opportunity.RecordType</field>
            <operation>equals</operation>
            <value>Brand Direct</value>
        </criteriaItems>
        <criteriaItems>
            <field>Opportunity.StageName</field>
            <operation>equals</operation>
            <value>Contract Review</value>
        </criteriaItems>
        <criteriaItems>
            <field>Opportunity.StageName</field>
            <operation>equals</operation>
            <value>Closed Won</value>
        </criteriaItems>
        <criteriaItems>
            <field>Opportunity.Amount</field>
            <operation>lessThan</operation>
            <value>&quot;USD 250,000&quot;</value>
        </criteriaItems>
    </entryCriteria>
    <finalApprovalActions>
        <action>
            <name>Email_Alert_to_Ad_Ops_Opp_Owner_and_AM</name>
            <type>Alert</type>
        </action>
    </finalApprovalActions>
    <finalApprovalRecordLock>false</finalApprovalRecordLock>
    <finalRejectionActions>
        <action>
            <name>Email_Alert_to_Opp_Owner</name>
            <type>Alert</type>
        </action>
    </finalRejectionActions>
    <finalRejectionRecordLock>false</finalRejectionRecordLock>
    <initialSubmissionActions>
        <action>
            <name>Brand_Approval_Email</name>
            <type>Alert</type>
        </action>
    </initialSubmissionActions>
    <label>Brand Direct Opportunities LT $250k</label>
    <processOrder>2</processOrder>
    <recordEditability>AdminOrCurrentApprover</recordEditability>
    <showApprovalHistory>true</showApprovalHistory>
</ApprovalProcess>
