<?xml version="1.0" encoding="UTF-8"?>
<ApprovalProcess xmlns="http://soap.sforce.com/2006/04/metadata">
    <active>false</active>
    <allowRecall>true</allowRecall>
    <allowedSubmitters>
        <type>owner</type>
    </allowedSubmitters>
    <allowedSubmitters>
        <submitter>Account_Manager_Programmatic</submitter>
        <type>role</type>
    </allowedSubmitters>
    <allowedSubmitters>
        <submitter>Ad_Account_Manager</submitter>
        <type>role</type>
    </allowedSubmitters>
    <allowedSubmitters>
        <submitter>Ad_Account_Manager_Manager</submitter>
        <type>role</type>
    </allowedSubmitters>
    <allowedSubmitters>
        <submitter>Ad_Operations_Specialist</submitter>
        <type>role</type>
    </allowedSubmitters>
    <allowedSubmitters>
        <submitter>Client_Partner_Director</submitter>
        <type>role</type>
    </allowedSubmitters>
    <allowedSubmitters>
        <submitter>Client_Partner_Manager</submitter>
        <type>role</type>
    </allowedSubmitters>
    <approvalPageFields>
        <field>Name</field>
        <field>Owner</field>
        <field>Amount</field>
        <field>Account</field>
        <field>placementsio__Agency__c</field>
        <field>Contract</field>
        <field>Contract_URL__c</field>
        <field>placementsio__Placements_ID__c</field>
    </approvalPageFields>
    <approvalStep>
        <allowDelegate>false</allowDelegate>
        <assignedApprover>
            <approver>
                <name>dmason@cargurus.com.br</name>
                <type>user</type>
            </approver>
            <whenMultipleApprovers>FirstResponse</whenMultipleApprovers>
        </assignedApprover>
        <entryCriteria>
            <criteriaItems>
                <field>Opportunity.Amount</field>
                <operation>lessThan</operation>
                <value>&quot;USD 250,000&quot;</value>
            </criteriaItems>
        </entryCriteria>
        <ifCriteriaNotMet>GotoNextStep</ifCriteriaNotMet>
        <label>Approve Opportunity, if less than $250K,</label>
        <name>Approve_Opportunity_if_less_than_250K</name>
    </approvalStep>
    <approvalStep>
        <allowDelegate>false</allowDelegate>
        <assignedApprover>
            <approver>
                <name>sscott@cargurus.com.br</name>
                <type>user</type>
            </approver>
            <whenMultipleApprovers>FirstResponse</whenMultipleApprovers>
        </assignedApprover>
        <entryCriteria>
            <criteriaItems>
                <field>Opportunity.Amount</field>
                <operation>greaterOrEqual</operation>
                <value>&quot;USD 250,000&quot;</value>
            </criteriaItems>
        </entryCriteria>
        <label>Approve Opportunity, if greater than or equal to $250K,</label>
        <name>Approve_Opportunity_if_greater_than_or_equal_to_250K</name>
        <rejectBehavior>
            <type>RejectRequest</type>
        </rejectBehavior>
    </approvalStep>
    <description>Approval Process for Brand Direct Opportunities</description>
    <emailTemplate>unfiled$public/Brand_Direct_Opportunity_Approval_Requested_1637084129526</emailTemplate>
    <enableMobileDeviceAccess>false</enableMobileDeviceAccess>
    <entryCriteria>
        <criteriaItems>
            <field>Opportunity.StageName</field>
            <operation>equals</operation>
            <value>Contract Review</value>
        </criteriaItems>
        <criteriaItems>
            <field>Opportunity.RecordType</field>
            <operation>equals</operation>
            <value>Brand Direct</value>
        </criteriaItems>
        <criteriaItems>
            <field>Opportunity.Amount</field>
            <operation>notEqual</operation>
        </criteriaItems>
    </entryCriteria>
    <finalApprovalActions>
        <action>
            <name>Email_Alert_to_Ad_Ops_Opp_Owner_and_AM</name>
            <type>Alert</type>
        </action>
    </finalApprovalActions>
    <finalApprovalRecordLock>false</finalApprovalRecordLock>
    <finalRejectionActions>
        <action>
            <name>Email_Alert_to_Opp_Owner</name>
            <type>Alert</type>
        </action>
    </finalRejectionActions>
    <finalRejectionRecordLock>false</finalRejectionRecordLock>
    <label>Brand Direct Opportunities</label>
    <processOrder>2</processOrder>
    <recordEditability>AdminOrCurrentApprover</recordEditability>
    <showApprovalHistory>true</showApprovalHistory>
</ApprovalProcess>
