<?xml version="1.0" encoding="UTF-8"?>
<ApprovalProcess xmlns="http://soap.sforce.com/2006/04/metadata">
    <active>true</active>
    <allowRecall>false</allowRecall>
    <allowedSubmitters>
        <type>owner</type>
    </allowedSubmitters>
    <allowedSubmitters>
        <submitter>Sales_Operations_Director</submitter>
        <type>roleSubordinates</type>
    </allowedSubmitters>
    <allowedSubmitters>
        <submitter>UK_Manager_Sales_Ops</submitter>
        <type>roleSubordinates</type>
    </allowedSubmitters>
    <approvalPageFields>
        <field>Name</field>
        <field>Owner</field>
    </approvalPageFields>
    <approvalStep>
        <allowDelegate>false</allowDelegate>
        <assignedApprover>
            <approver>
                <name>Order_Management_Queue</name>
                <type>queue</type>
            </approver>
            <whenMultipleApprovers>FirstResponse</whenMultipleApprovers>
        </assignedApprover>
        <entryCriteria>
            <criteriaItems>
                <field>SBQQ__Quote__c.Order_Management_Approval_Reasons__c</field>
                <operation>notEqual</operation>
                <value>NONE</value>
            </criteriaItems>
        </entryCriteria>
        <ifCriteriaNotMet>ApproveRecord</ifCriteriaNotMet>
        <label>Step 1</label>
        <name>Step_1</name>
    </approvalStep>
    <description>Approval process for the Order Management Team. Created via BR-788.</description>
    <emailTemplate>unfiled$public/Quote_Order_Management_Requested_1619381956935</emailTemplate>
    <enableMobileDeviceAccess>false</enableMobileDeviceAccess>
    <entryCriteria>
        <criteriaItems>
            <field>SBQQ__Quote__c.SBQQ__Status__c</field>
            <operation>equals</operation>
            <value>DocuSign Complete,Rejected</value>
        </criteriaItems>
    </entryCriteria>
    <finalApprovalActions>
        <action>
            <name>Update_Quote_Record_type</name>
            <type>FieldUpdate</type>
        </action>
        <action>
            <name>Update_Status_To_Approved</name>
            <type>FieldUpdate</type>
        </action>
    </finalApprovalActions>
    <finalApprovalRecordLock>false</finalApprovalRecordLock>
    <finalRejectionActions>
        <action>
            <name>Order_Management_Rejected</name>
            <type>Alert</type>
        </action>
        <action>
            <name>Update_Status_To_Rejected</name>
            <type>FieldUpdate</type>
        </action>
    </finalRejectionActions>
    <finalRejectionRecordLock>false</finalRejectionRecordLock>
    <initialSubmissionActions>
        <action>
            <name>Update_OM_Submitted_Date</name>
            <type>FieldUpdate</type>
        </action>
        <action>
            <name>Update_Status_To_Pending_OM_Approval</name>
            <type>FieldUpdate</type>
        </action>
    </initialSubmissionActions>
    <label>Order Management Approval</label>
    <processOrder>1</processOrder>
    <recallActions>
        <action>
            <name>Update_Status_To_Docusign_Completed</name>
            <type>FieldUpdate</type>
        </action>
    </recallActions>
    <recordEditability>AdminOnly</recordEditability>
    <showApprovalHistory>true</showApprovalHistory>
</ApprovalProcess>
