<?xml version="1.0" encoding="UTF-8"?>
<ApprovalProcess xmlns="http://soap.sforce.com/2006/04/metadata">
    <active>false</active>
    <allowRecall>true</allowRecall>
    <allowedSubmitters>
        <type>owner</type>
    </allowedSubmitters>
    <approvalPageFields>
        <field>Name</field>
        <field>Account__c</field>
        <field>Start_Date__c</field>
        <field>End_Date__c</field>
        <field>Opportunity__c</field>
        <field>Extend_to_End_Date__c</field>
    </approvalPageFields>
    <approvalStep>
        <allowDelegate>true</allowDelegate>
        <assignedApprover>
            <approver>
                <type>userHierarchyField</type>
            </approver>
        </assignedApprover>
        <label>Approve Extension</label>
        <name>Approve_Extension</name>
    </approvalStep>
    <description>Trial extension requests submitted here.</description>
    <emailTemplate>unfiled$public/Trial_Extension_Request_1637346771302</emailTemplate>
    <enableMobileDeviceAccess>false</enableMobileDeviceAccess>
    <entryCriteria>
        <criteriaItems>
            <field>Trial__c.Extend_to_End_Date__c</field>
            <operation>notEqual</operation>
        </criteriaItems>
        <criteriaItems>
            <field>Trial__c.Expired__c</field>
            <operation>notEqual</operation>
            <value>True</value>
        </criteriaItems>
    </entryCriteria>
    <finalApprovalActions>
        <action>
            <name>Update_End_Date</name>
            <type>FieldUpdate</type>
        </action>
    </finalApprovalActions>
    <finalApprovalRecordLock>false</finalApprovalRecordLock>
    <finalRejectionRecordLock>false</finalRejectionRecordLock>
    <label>Trial Extension Request</label>
    <nextAutomatedApprover>
        <useApproverFieldOfRecordOwner>false</useApproverFieldOfRecordOwner>
        <userHierarchyField>Manager</userHierarchyField>
    </nextAutomatedApprover>
    <processOrder>1</processOrder>
    <recordEditability>AdminOrCurrentApprover</recordEditability>
    <showApprovalHistory>true</showApprovalHistory>
</ApprovalProcess>
