<?xml version="1.0" encoding="UTF-8"?>
<LeadConvertSettings xmlns="http://soap.sforce.com/2006/04/metadata">
    <allowOwnerChange>true</allowOwnerChange>
    <objectMapping>
        <inputObject>Lead</inputObject>
        <mappingFields>
            <inputField>Awareness_Source__c</inputField>
            <outputField>Awareness_Source__c</outputField>
        </mappingFields>
        <mappingFields>
            <inputField>Campaign_Name__c</inputField>
            <outputField>Campaign_Name__c</outputField>
        </mappingFields>
        <mappingFields>
            <inputField>CarGurus_Engagement_Score__c</inputField>
            <outputField>CarGurus_Engagement_Score__c</outputField>
        </mappingFields>
        <mappingFields>
            <inputField>CarGurus_Lead_Score__c</inputField>
            <outputField>CarGurus_Lead_Score__c</outputField>
        </mappingFields>
        <mappingFields>
            <inputField>Fast_Track__c</inputField>
            <outputField>Fast_Track__c</outputField>
        </mappingFields>
        <mappingFields>
            <inputField>Geography__c</inputField>
            <outputField>Geography__c</outputField>
        </mappingFields>
        <mappingFields>
            <inputField>Marketing_Next_Action__c</inputField>
            <outputField>Marketing_Next_Action__c</outputField>
        </mappingFields>
        <mappingFields>
            <inputField>Marketo_Sync_Enabled__c</inputField>
            <outputField>Marketo_Sync_Enabled__c</outputField>
        </mappingFields>
        <mappingFields>
            <inputField>mkto71_Acquisition_Date__c</inputField>
            <outputField>mkto71_Acquisition_Date__c</outputField>
        </mappingFields>
        <mappingFields>
            <inputField>mkto71_Acquisition_Program__c</inputField>
            <outputField>mkto71_Acquisition_Program__c</outputField>
        </mappingFields>
        <mappingFields>
            <inputField>mkto71_Acquisition_Program_Id__c</inputField>
            <outputField>mkto71_Acquisition_Program_Id__c</outputField>
        </mappingFields>
        <mappingFields>
            <inputField>mkto71_Inferred_City__c</inputField>
            <outputField>mkto71_Inferred_City__c</outputField>
        </mappingFields>
        <mappingFields>
            <inputField>mkto71_Inferred_Company__c</inputField>
            <outputField>mkto71_Inferred_Company__c</outputField>
        </mappingFields>
        <mappingFields>
            <inputField>mkto71_Inferred_Country__c</inputField>
            <outputField>mkto71_Inferred_Country__c</outputField>
        </mappingFields>
        <mappingFields>
            <inputField>mkto71_Inferred_Metropolitan_Area__c</inputField>
            <outputField>mkto71_Inferred_Metropolitan_Area__c</outputField>
        </mappingFields>
        <mappingFields>
            <inputField>mkto71_Inferred_Phone_Area_Code__c</inputField>
            <outputField>mkto71_Inferred_Phone_Area_Code__c</outputField>
        </mappingFields>
        <mappingFields>
            <inputField>mkto71_Inferred_Postal_Code__c</inputField>
            <outputField>mkto71_Inferred_Postal_Code__c</outputField>
        </mappingFields>
        <mappingFields>
            <inputField>mkto71_Inferred_State_Region__c</inputField>
            <outputField>mkto71_Inferred_State_Region__c</outputField>
        </mappingFields>
        <mappingFields>
            <inputField>mkto_si__Last_Interesting_Moment_Date__c</inputField>
            <outputField>mkto_si__Last_Interesting_Moment_Date__c</outputField>
        </mappingFields>
        <mappingFields>
            <inputField>mkto_si__Last_Interesting_Moment_Desc__c</inputField>
            <outputField>mkto_si__Last_Interesting_Moment_Desc__c</outputField>
        </mappingFields>
        <mappingFields>
            <inputField>mkto_si__Last_Interesting_Moment_Source__c</inputField>
            <outputField>mkto_si__Last_Interesting_Moment_Source__c</outputField>
        </mappingFields>
        <mappingFields>
            <inputField>mkto_si__Last_Interesting_Moment_Type__c</inputField>
            <outputField>mkto_si__Last_Interesting_Moment_Type__c</outputField>
        </mappingFields>
        <mappingFields>
            <inputField>mkto71_Original_Referrer__c</inputField>
            <outputField>mkto71_Original_Referrer__c</outputField>
        </mappingFields>
        <mappingFields>
            <inputField>mkto71_Original_Search_Engine__c</inputField>
            <outputField>mkto71_Original_Search_Engine__c</outputField>
        </mappingFields>
        <mappingFields>
            <inputField>mkto71_Original_Search_Phrase__c</inputField>
            <outputField>mkto71_Original_Search_Phrase__c</outputField>
        </mappingFields>
        <mappingFields>
            <inputField>mkto71_Original_Source_Info__c</inputField>
            <outputField>mkto71_Original_Source_Info__c</outputField>
        </mappingFields>
        <mappingFields>
            <inputField>mkto71_Original_Source_Type__c</inputField>
            <outputField>mkto71_Original_Source_Type__c</outputField>
        </mappingFields>
        <mappingFields>
            <inputField>mkto71_Lead_Score__c</inputField>
            <outputField>mkto71_Lead_Score__c</outputField>
        </mappingFields>
        <mappingFields>
            <inputField>Product_Subcategory__c</inputField>
            <outputField>Product_Subcategory__c</outputField>
        </mappingFields>
        <outputObject>Contact</outputObject>
    </objectMapping>
    <opportunityCreationOptions>VisibleOptional</opportunityCreationOptions>
</LeadConvertSettings>
